-- phpMyAdmin SQL Dump
-- version 4.5.1
-- http://www.phpmyadmin.net
--
-- Servidor: 127.0.0.1
-- Tiempo de generación: 10-10-2017 a las 22:02:23
-- Versión del servidor: 10.1.13-MariaDB
-- Versión de PHP: 5.6.23

SET SQL_MODE = "NO_AUTO_VALUE_ON_ZERO";
SET time_zone = "+00:00";


/*!40101 SET @OLD_CHARACTER_SET_CLIENT=@@CHARACTER_SET_CLIENT */;
/*!40101 SET @OLD_CHARACTER_SET_RESULTS=@@CHARACTER_SET_RESULTS */;
/*!40101 SET @OLD_COLLATION_CONNECTION=@@COLLATION_CONNECTION */;
/*!40101 SET NAMES utf8mb4 */;

--
-- Base de datos: `manco`
--

-- --------------------------------------------------------

--
-- Estructura de tabla para la tabla `cargo`
--

CREATE TABLE `cargo` (
  `idCargo` int(11) NOT NULL,
  `descripcionCargo` varchar(250) DEFAULT NULL
) ENGINE=InnoDB DEFAULT CHARSET=utf8;

--
-- Volcado de datos para la tabla `cargo`
--

INSERT INTO `cargo` (`idCargo`, `descripcionCargo`) VALUES
(1, 'Analista Funcional'),
(2, 'Analista Programador'),
(4, 'Jefe de Proyectos'),
(6, 'Otro'),
(7, 'Practicante'),
(8, 'Jefe de Desarrollo'),
(9, 'Analista QA');

-- --------------------------------------------------------

--
-- Estructura de tabla para la tabla `catalogo_codigo`
--

CREATE TABLE `catalogo_codigo` (
  `idCodigo` int(11) NOT NULL,
  `valorCodigo` varchar(45) DEFAULT NULL,
  `descripcionCodigo` varchar(2000) DEFAULT NULL,
  `fechaRegistro` datetime DEFAULT NULL,
  `requerimiento` varchar(20) DEFAULT NULL,
  `idLiderTecnico` int(11) NOT NULL,
  `idLiderFuncional` int(11) NOT NULL,
  `idTipoCodigo` int(11) NOT NULL,
  `idModulo` int(11) NOT NULL
) ENGINE=InnoDB DEFAULT CHARSET=utf8;

--
-- Volcado de datos para la tabla `catalogo_codigo`
--

INSERT INTO `catalogo_codigo` (`idCodigo`, `valorCodigo`, `descripcionCodigo`, `fechaRegistro`, `requerimiento`, `idLiderTecnico`, `idLiderFuncional`, `idTipoCodigo`, `idModulo`) VALUES
(281, 'AB001', 'REGISTRO DE BIEN ADJUDICADO', '2017-10-05 00:00:00', 'XXX-XXX', 4, 4, 3, 6),
(282, 'AB002', 'EXTORNO REGISTRO DE BIEN ADJUDICADO', '2017-10-05 00:00:00', 'XXX-XXX', 4, 4, 3, 6),
(283, 'AB003', 'VALORIZACION DE BIEN ADJUDICADO', '2017-10-05 00:00:00', 'XXX-XXX', 4, 4, 3, 6),
(284, 'AB004', 'GANANCIA DE BIEN ADJUDICADO', '2017-10-05 00:00:00', 'XXX-XXX', 4, 4, 3, 6),
(285, 'AB005', 'PERDIDA DE BIEN ADJUDICADO', '2017-10-05 00:00:00', 'XXX-XXX', 4, 4, 3, 6),
(286, 'AB006', 'PROVISION DE BIEN ADJUDICADO', '2017-10-05 00:00:00', 'XXX-XXX', 4, 4, 3, 6),
(287, 'AB007', 'EXTORNO PROVISION DE BIEN ADJUDICADO', '2017-10-05 00:00:00', 'XXX-XXX', 4, 4, 3, 6),
(288, 'AB008', 'EXTORNO VALORIZACON DE BIEN ADJUDICADO', '2017-10-05 00:00:00', 'XXX-XXX', 4, 4, 3, 6),
(289, 'AF001', 'REGISTRO ACTIVO FIJO', '2017-10-05 00:00:00', 'XXX-XXX', 4, 4, 3, 6),
(290, 'AF002', 'FUERA DE USO ACTIVO FIJO', '2017-10-05 00:00:00', 'XXX-XXX', 4, 4, 3, 6),
(291, 'AF003', 'BAJA ACTIVO FIJO', '2017-10-05 00:00:00', 'XXX-XXX', 4, 4, 3, 6),
(292, 'AF004', 'REVALUACIÓN ACTIVO FIJO', '2017-10-05 00:00:00', 'XXX-XXX', 4, 4, 3, 6),
(293, 'AF005', 'MEJORA ACTIVO FIJO', '2017-10-05 00:00:00', 'XXX-XXX', 4, 4, 3, 6),
(294, 'AF006', 'VALORIZACIÓN ACTIVO FIJO', '2017-10-05 00:00:00', 'XXX-XXX', 4, 4, 3, 6),
(295, 'AF007', 'DISPONIBLE PARA LA VENTA ACTIVO FIJO', '2017-10-05 00:00:00', 'XXX-XXX', 4, 4, 3, 6),
(296, 'AF008', 'REGISTRO OBRA', '2017-10-05 00:00:00', 'XXX-XXX', 4, 4, 3, 6),
(297, 'AF009', 'DEPRECIACIÓN ACTIVO FIJO', '2017-10-05 00:00:00', 'XXX-XXX', 4, 4, 3, 6),
(298, 'AQ001', 'PAGO DE ALQUILERES', '2017-10-05 00:00:00', 'S17-023', 5, 3, 3, 6),
(299, 'AQ002', 'PAGO DE ALQUILERES - CAJA', '2017-10-05 00:00:00', 'XXX-XXX', 4, 4, 3, 6),
(300, 'BN001', 'PAGO DE CHEQUES', '2017-10-05 00:00:00', 'XXX-XXX', 4, 4, 3, 6),
(301, 'BN002', 'DEPOSITO TERCEROS', '2017-10-05 00:00:00', 'XXX-XXX', 4, 4, 3, 6),
(302, 'BN003', 'EMISION DE CHEQUES', '2017-10-05 00:00:00', 'XXX-XXX', 4, 4, 3, 6),
(303, 'BN004', 'NOTA DE ABONO', '2017-10-05 00:00:00', 'XXX-XXX', 4, 4, 3, 6),
(304, 'BN005', 'NOTA DE CARGO', '2017-10-05 00:00:00', 'XXX-XXX', 4, 4, 3, 6),
(305, 'BN006', 'CARGO POR TRANSFERENCIA', '2017-10-05 00:00:00', 'XXX-XXX', 4, 4, 3, 6),
(306, 'BN007', 'ABONO POR TRANSFERENCIA', '2017-10-05 00:00:00', 'XXX-XXX', 4, 4, 3, 6),
(307, 'BN008', 'HABILITACIONES DE BOVEDA', '2017-10-05 00:00:00', 'XXX-XXX', 4, 4, 3, 6),
(308, 'BN009', 'HABILITACIONES A BOVEDA', '2017-10-05 00:00:00', 'XXX-XXX', 4, 4, 3, 6),
(309, 'BT001', 'OPERACIONES BANTIQ', '2017-10-05 00:00:00', 'XXX-XXX', 4, 4, 3, 6),
(310, 'CB001', 'ASIENTO DE DIARIO', '2017-10-05 00:00:00', 'XXX-XXX', 4, 4, 3, 6),
(311, 'CB002', 'ASIENTO CIERRE CTAS INGRESOS Y GASTOS', '2017-10-05 00:00:00', 'XXX-XXX', 4, 4, 3, 6),
(312, 'CB004', 'ASIENTO DIFERENCIAL CAMBIARIO', '2017-10-05 00:00:00', 'XXX-XXX', 4, 4, 3, 6),
(313, 'CB005', 'ASIENTO MASIVO', '2017-10-05 00:00:00', 'XXX-XXX', 4, 4, 3, 6),
(314, 'CB007', 'ASIENTO NIVELACION CUENTAS DE BALANCE', '2017-10-05 00:00:00', 'XXX-XXX', 4, 4, 3, 6),
(315, 'CB008', 'ASIENTO NIVELACION CUENTAS CONTINGENTES Y ORDEN', '2017-10-05 00:00:00', 'XXX-XXX', 4, 4, 3, 6),
(316, 'CB009', 'ASIENTO DE REVERSION CUENTAS CAMBIO CONVERSION', '2017-10-05 00:00:00', 'XXX-XXX', 4, 4, 3, 6),
(317, 'CB010', 'ASIENTO CIERRE APERTURA', '2017-10-05 00:00:00', 'XXX-XXX', 4, 4, 3, 6),
(318, 'CC001', 'REGISTRO DE FACTURACIÓN', '2017-10-05 00:00:00', 'XXX-XXX', 4, 4, 3, 6),
(319, 'CC002', 'REGISTRO GUÍA REMISIÓN', '2017-10-05 00:00:00', 'XXX-XXX', 4, 4, 3, 6),
(320, 'CC003', 'COBRANZA FACTURAS', '2017-10-05 00:00:00', 'XXX-XXX', 4, 4, 3, 6),
(321, 'CC004', 'VENTA VEHIC. INCAUTADOS AGENCIA', '2017-10-05 00:00:00', 'XXX-XXX', 4, 4, 3, 6),
(322, 'CC005', 'VENTA VEHIC. INCAUTADOS BANCO', '2017-10-05 00:00:00', 'XXX-XXX', 4, 4, 3, 6),
(323, 'CC006', 'VENTA VEHIC. INCAUTADOS CTA x COB', '2017-10-05 00:00:00', 'XXX-XXX', 4, 4, 3, 6),
(324, 'CC007', 'PERDIDA EN VENTA VEHIC. INCAUTADOS', '2017-10-05 00:00:00', 'XXX-XXX', 4, 4, 3, 6),
(325, 'CC008', 'COBRANZA FACTURAS (INGRESO DE DINERO', '2017-10-05 00:00:00', 'XXX-XXX', 4, 4, 3, 6),
(326, 'CC009', 'VENTA VEHIC. INCAUTADOS AGENCIA (MONEDA NACIONAL', '2017-10-05 00:00:00', 'XXX-XXX', 4, 4, 3, 6),
(327, 'CC010', 'VENTA VEHIC. INCAUTADOS AGENCIA (MONEDA EXTRANJERA', '2017-10-05 00:00:00', 'XXX-XXX', 4, 4, 3, 6),
(328, 'CC011', 'VENTA VEHIC. INCAUTADOS BANCO (MONEDA NACIONAL', '2017-10-05 00:00:00', 'XXX-XXX', 4, 4, 3, 6),
(329, 'CC012', 'VENTA VEHIC. INCAUTADOS BANCO (MONEDA EXTRANJERA', '2017-10-05 00:00:00', 'XXX-XXX', 4, 4, 3, 6),
(330, 'CE005', 'DEVENGAMIENTO INTERES', '2017-10-05 00:00:00', 'XXX-XXX', 4, 4, 3, 6),
(331, 'CE006', 'CAPITALIZACION DE INTERES', '2017-10-05 00:00:00', 'XXX-XXX', 4, 4, 3, 6),
(332, 'CE007', 'CLASIFICACION CORTO LARGO PLZ', '2017-10-05 00:00:00', 'XXX-XXX', 4, 4, 3, 6),
(333, 'CE008', 'REV.CLASIFICACION CORTO LARGO PLZ', '2017-10-05 00:00:00', 'XXX-XXX', 4, 4, 3, 6),
(334, 'CE009', 'PAGO INTERES', '2017-10-05 00:00:00', 'XXX-XXX', 4, 4, 3, 6),
(335, 'CE011', 'BLOQUEO', '2017-10-05 00:00:00', 'XXX-XXX', 4, 4, 3, 6),
(336, 'CE013', 'LIBERACION DE BLOQUEO', '2017-10-05 00:00:00', 'XXX-XXX', 4, 4, 3, 6),
(337, 'CE030', 'NOTA DE ABONO CTA', '2017-10-05 00:00:00', 'XXX-XXX', 4, 4, 3, 6),
(338, 'CE031', 'NOTA DE CARGO CTA', '2017-10-05 00:00:00', 'XXX-XXX', 4, 4, 3, 6),
(339, 'CE032', 'CONCEPTO CONTABLE', '2017-10-05 00:00:00', 'XXX-XXX', 4, 4, 3, 6),
(340, 'CE033', 'NOTA DE ABONO INT', '2017-10-05 00:00:00', 'XXX-XXX', 4, 4, 3, 6),
(341, 'CJ001', 'REGISTRO DE ANTICIPO', '2017-10-05 00:00:00', 'XXX-XXX', 4, 4, 3, 6),
(342, 'CJ002', 'PAGO DE ANTICIPO', '2017-10-05 00:00:00', 'XXX-XXX', 4, 4, 3, 6),
(343, 'CJ003', 'APROBACIÓN RENDICIÓN DE GASTOS', '2017-10-05 00:00:00', 'XXX-XXX', 4, 4, 3, 6),
(344, 'CJ004', 'REEMBOLSO A DEVOLVER A LA EMPRESA', '2017-10-05 00:00:00', 'XXX-XXX', 4, 4, 3, 6),
(345, 'CJ005', 'EMISIÓN DE VALES', '2017-10-05 00:00:00', 'XXX-XXX', 4, 4, 3, 6),
(346, 'CJ006', 'REEMBOLSO A DEVOLVER AL USUARIO', '2017-10-05 00:00:00', 'XXX-XXX', 4, 4, 3, 6),
(347, 'CJ007', 'PAGO ANTICIPO - CAJA', '2017-10-05 00:00:00', 'XXX-XXX', 4, 4, 3, 6),
(348, 'CP001', 'REGISTRO ORDEN', '2017-10-05 00:00:00', 'XXX-XXX', 4, 4, 3, 6),
(349, 'CP002', 'PROVISIÓN DE DOCUMENTOS', '2017-10-05 00:00:00', 'XXX-XXX', 4, 4, 3, 6),
(350, 'CP003', 'PAGO DE PROVISIÓN DE DOCUMENTOS', '2017-10-05 00:00:00', 'XXX-XXX', 4, 4, 3, 6),
(351, 'EG001', 'REGISTRO DE EGRESOS', '2017-10-05 00:00:00', 'XXX-XXX', 4, 4, 3, 6),
(352, 'GA001', 'GASTOS ASOCIADOS', '2017-10-05 00:00:00', 'XXX-XXX', 4, 4, 3, 6),
(353, 'GA002', 'CONSTITUCIÓN DE GARANTÍAS', '2017-10-05 00:00:00', 'XXX-XXX', 4, 4, 3, 6),
(354, 'GA003', 'LIBERACIÓN DE GARANTÍAS', '2017-10-05 00:00:00', 'XXX-XXX', 4, 4, 3, 6),
(355, 'IG001', 'REGISTRO DE INGRESOS', '2017-10-05 00:00:00', 'XXX-XXX', 4, 4, 3, 6),
(356, 'IN001', 'ADJUDICACIÓN', '2017-10-05 00:00:00', 'XXX-XXX', 4, 4, 3, 6),
(357, 'OB001', 'APORTACIONES', '2017-10-05 00:00:00', 'XXX-XXX', 4, 4, 3, 6),
(358, 'OB002', 'SERVICIOS PRESTADOS', '2017-10-05 00:00:00', 'XXX-XXX', 4, 4, 3, 6),
(359, 'OB003', 'SERVICIOS', '2017-10-05 00:00:00', 'XXX-XXX', 4, 4, 3, 6),
(360, 'OB004', 'CARGOS A LA SOLICITUD', '2017-10-05 00:00:00', 'XXX-XXX', 4, 4, 3, 6),
(361, 'OB005', 'DEDUCIBLES AL DESEMBOLSO (AUT', '2017-10-05 00:00:00', 'XXX-XXX', 4, 4, 3, 6),
(362, 'OB006', 'DEDUCIBLES AL DESEMBOLSO (MAN', '2017-10-05 00:00:00', 'XXX-XXX', 4, 4, 3, 6),
(363, 'OB007', 'OTROS MONTOS A FINANCIAR', '2017-10-05 00:00:00', 'XXX-XXX', 4, 4, 3, 6),
(364, 'OP001', 'PAGO CREDITO. CONCEPTOS CAPITALIZADOS', '2017-10-05 00:00:00', 'XXX-XXX', 4, 4, 3, 6),
(365, 'OP002', 'DEPOSITO CAJA/BANCO', '2017-10-05 00:00:00', 'XXX-XXX', 4, 4, 3, 6),
(366, 'OP003', 'DEPOSITO BANCO TERCEROS', '2017-10-05 00:00:00', 'XXX-XXX', 4, 4, 3, 6),
(367, 'OP004', 'DEPOSITO EN CUENTA', '2017-10-05 00:00:00', 'XXX-XXX', 4, 4, 3, 6),
(368, 'OP005', 'RETIRO DE CUENTA', '2017-10-05 00:00:00', 'XXX-XXX', 4, 4, 3, 6),
(369, 'OP006', 'COMPRA DE MONEDA', '2017-10-05 00:00:00', 'XXX-XXX', 4, 4, 3, 6),
(370, 'OP007', 'SALIDA DE MONEDA POR VENTA MONEDA', '2017-10-05 00:00:00', 'XXX-XXX', 4, 4, 3, 6),
(371, 'OP008', 'DISPOSCION EFECTIVO LINEA CREDITO', '2017-10-05 00:00:00', 'XXX-XXX', 4, 4, 3, 6),
(372, 'OP009', 'PAGO DE LINEA DE CRÉDITO', '2017-10-05 00:00:00', 'XXX-XXX', 4, 4, 3, 6),
(373, 'OP010', 'PAGO DE CREDITO', '2017-10-05 00:00:00', 'XXX-XXX', 4, 4, 3, 6),
(374, 'OP011', 'ABONO TRANSFERENCIA CTA A CTA', '2017-10-05 00:00:00', 'XXX-XXX', 4, 4, 3, 6),
(375, 'OP012', 'CARGO TRANSFERENCIA CTA A CTA', '2017-10-05 00:00:00', 'XXX-XXX', 4, 4, 3, 6),
(376, 'OP013', 'ANULACION DE CUENTA', '2017-10-05 00:00:00', 'XXX-XXX', 4, 4, 3, 6),
(377, 'OP014', 'CARGOS AL CREDITO', '2017-10-05 00:00:00', 'XXX-XXX', 4, 4, 3, 6),
(378, 'OP015', 'PAGO LINEA CREDITO', '2017-10-05 00:00:00', 'XXX-XXX', 4, 4, 3, 6),
(379, 'OP016', 'TOTAL DESEMBOLSO DE CREDITOS', '2017-10-05 00:00:00', 'XXX-XXX', 4, 4, 3, 6),
(380, 'OP017', 'CONCEPTOS CONTABLES DE DESEMBOLSO', '2017-10-05 00:00:00', 'XXX-XXX', 4, 4, 3, 6),
(381, 'OP018', 'CONCEPTOS CONTABLES DESEMBOLSO A TERCEROS', '2017-10-05 00:00:00', 'XXX-XXX', 4, 4, 3, 6),
(382, 'OP020', 'EXTORNO DE OPERACION', '2017-10-05 00:00:00', 'XXX-XXX', 4, 4, 3, 6),
(383, 'OP022', 'SALIDA DE MONEDA POR COMPRA DE MONEDA', '2017-10-05 00:00:00', 'XXX-XXX', 4, 4, 3, 6),
(384, 'OP023', 'CANCELACION CTA', '2017-10-05 00:00:00', 'XXX-XXX', 4, 4, 3, 6),
(385, 'OP024', 'VENTA DE MONEDA', '2017-10-05 00:00:00', 'XXX-XXX', 4, 4, 3, 6),
(386, 'OP027', 'IMPUESTOS', '2017-10-05 00:00:00', 'XXX-XXX', 4, 4, 3, 6),
(387, 'OP028', 'PAGO ITF', '2017-10-05 00:00:00', 'XXX-XXX', 4, 4, 3, 6),
(388, 'OP029', 'COMPRA M.E. PLANILLA', '2017-10-05 00:00:00', 'XXX-XXX', 4, 4, 3, 6),
(389, 'OP030', 'DETRACCION', '2017-10-05 00:00:00', 'XXX-XXX', 4, 4, 3, 6),
(390, 'OP031', 'RETENCION CUARTA/OTROS', '2017-10-05 00:00:00', 'XXX-XXX', 4, 4, 3, 6),
(391, 'OP040', 'SOBRANTE DE DINERO', '2017-10-05 00:00:00', 'XXX-XXX', 4, 4, 3, 6),
(392, 'OP041', 'FALTANTE DE DINERO', '2017-10-05 00:00:00', 'XXX-XXX', 4, 4, 3, 6),
(393, 'OP043', 'CAMBIO FECHA VENCIMIENTO', '2017-10-05 00:00:00', 'XXX-XXX', 4, 4, 3, 6),
(394, 'OP048', 'HABILITACION FINAL ENTREGADA BOVEDA', '2017-10-05 00:00:00', 'XXX-XXX', 4, 4, 3, 6),
(395, 'OP049', 'HABILITACION FINAL RECIBIDA BOVEDA', '2017-10-05 00:00:00', 'XXX-XXX', 4, 4, 3, 6),
(396, 'OP050', 'HABILITACION ENTREGADA', '2017-10-05 00:00:00', 'XXX-XXX', 4, 4, 3, 6),
(397, 'OP051', 'HABILITACION RECIBIDA', '2017-10-05 00:00:00', 'XXX-XXX', 4, 4, 3, 6),
(398, 'OP052', 'DESEMBOLSO CREDITO', '2017-10-05 00:00:00', 'XXX-XXX', 4, 4, 3, 6),
(399, 'OP053', 'DESEMBOLSO TERCEROS', '2017-10-05 00:00:00', 'XXX-XXX', 4, 4, 3, 6),
(400, 'OP054', 'DESEMBOLSO CREDITO PRE APROBADO', '2017-10-05 00:00:00', 'XXX-XXX', 4, 4, 3, 6),
(401, 'OP056', 'OPERACIONES DE MIGRACION', '2017-10-05 00:00:00', 'XXX-XXX', 4, 4, 3, 6),
(402, 'OP059', 'CONCEPTOS CTABLES PARA ABONO ADM', '2017-10-05 00:00:00', 'XXX-XXX', 4, 4, 3, 6),
(403, 'OP060', 'HABILITACION ENTREGADA BANCOS', '2017-10-05 00:00:00', 'XXX-XXX', 4, 4, 3, 6),
(404, 'OP061', 'HABILITACION RECIBIDA BANCOS', '2017-10-05 00:00:00', 'XXX-XXX', 4, 4, 3, 6),
(405, 'OP090', 'DEVOLUCIONES', '2017-10-05 00:00:00', 'XXX-XXX', 4, 4, 3, 6),
(406, 'OP100', 'TRANSACCIONES MC', '2017-10-05 00:00:00', 'XXX-XXX', 4, 4, 3, 6),
(407, 'OP102', 'CANCELACION CTA (CASTIGO INT', '2017-10-05 00:00:00', 'XXX-XXX', 4, 4, 3, 6),
(408, 'OP103', 'DEPOSITO EN CUENTA (C/ PUENTE', '2017-10-05 00:00:00', 'XXX-XXX', 4, 4, 3, 6),
(409, 'OP104', 'CANCELACION CTA ITF', '2017-10-05 00:00:00', 'XXX-XXX', 4, 4, 3, 6),
(410, 'OP105', 'COBRO RECIBOS EXTERNOS', '2017-10-05 00:00:00', 'XXX-XXX', 4, 4, 3, 6),
(411, 'OP106', 'AJUSTE MONETARIO', '2017-10-05 00:00:00', 'XXX-XXX', 4, 4, 3, 6),
(412, 'OP107', 'FONDO TERCEROS', '2017-10-05 00:00:00', 'XXX-XXX', 4, 4, 3, 6),
(413, 'OP108', 'PAGO TESORERIA CANCELACION DPF', '2017-10-05 00:00:00', 'XXX-XXX', 4, 4, 3, 6),
(414, 'OP109', 'REGULARIZACION POR APLICACION CASTIGOS', '2017-10-05 00:00:00', 'XXX-XXX', 4, 4, 3, 6),
(415, 'OP110', 'EXTORNO REGULARIZACION POR APLICACION CASTIGOS', '2017-10-05 00:00:00', 'XXX-XXX', 4, 4, 3, 6),
(416, 'OP111', 'CAPITALIZACION DE INTERES(INTERES', '2017-10-05 00:00:00', 'XXX-XXX', 4, 4, 3, 6),
(417, 'OP112', 'CAPITALIZACION DE INTERES(CAPITAL', '2017-10-05 00:00:00', 'XXX-XXX', 4, 4, 3, 6),
(418, 'OP113', 'COMISIONES -AHORROS', '2017-10-05 00:00:00', 'S15-033', 4, 3, 3, 6),
(419, 'OP114', 'NOTA DE ABONO', '2017-10-05 00:00:00', 'XXX-XXX', 4, 4, 3, 6),
(420, 'OP115', 'NOTA DE CARGO', '2017-10-05 00:00:00', 'XXX-XXX', 4, 4, 3, 6),
(421, 'OP116', 'CARGO TRANSFERENCIA EXTERNA', '2017-10-05 00:00:00', 'XXX-XXX', 4, 4, 3, 6),
(422, 'OP117', 'PRE-CANCELACION DE CUENTAS DE AHORROS', '2017-10-05 00:00:00', 'XXX-XXX', 4, 4, 3, 6),
(423, 'OP118', 'CANCELACION AUTOMATICA', '2017-10-05 00:00:00', 'XXX-XXX', 4, 4, 3, 6),
(424, 'OP119', 'INACTIVACION DE CUENTA AHORRO', '2017-10-05 00:00:00', 'XXX-XXX', 4, 4, 3, 6),
(425, 'OP120', 'ACTIVACION DE CUENTA AHORRO', '2017-10-05 00:00:00', 'XXX-XXX', 4, 4, 3, 6),
(426, 'OP121', 'COMPRA VENTA UTILIDAD', '2017-10-05 00:00:00', 'XXX-XXX', 4, 4, 3, 6),
(427, 'OP122', 'COMPRA VENTA PERDIDA', '2017-10-05 00:00:00', 'XXX-XXX', 4, 4, 3, 6),
(428, 'OP123', 'ABONO PAGO DE  INTERESES', '2017-10-05 00:00:00', 'XXX-XXX', 4, 4, 3, 6),
(429, 'OP124', 'PAGO DE CREDITO CON CARGO A CUENTA DE AHORROS', '2017-10-05 00:00:00', 'S15-030', 4, 4, 3, 6),
(430, 'OP125', 'PAGO DE SERVICIOS INSTITUCIONES', '2017-10-05 00:00:00', 'S15-033', 4, 3, 3, 6),
(431, 'OP126', 'ENTREGA DE TARJETAS DE PROVEEDOR A UNIBANCA', '2017-10-05 00:00:00', 'S14-138', 1, 3, 3, 6),
(432, 'OP127', 'ENTREGA DE TARJETAS DE UNIBANCA A AGENCIAS', '2017-10-05 00:00:00', 'S14-138', 1, 3, 3, 6),
(433, 'OP128', 'ENTREGA DE TARJETA A CLIENTE', '2017-10-05 00:00:00', 'S14-138', 1, 3, 3, 6),
(434, 'OP129', 'ABONO POR TRANSFERENCIA', '2017-10-05 00:00:00', 'CC15-030', 11, 3, 3, 6),
(435, 'OP133', 'RETIRO DE ORDEN PAGO', '2017-10-05 00:00:00', 's15-031', 4, 4, 3, 6),
(436, 'OP140', 'COMISIONES -INSTITUCIONES', '2017-10-05 00:00:00', 'S15-033', 4, 3, 3, 6),
(437, 'OP141', 'CARGO POR CHEQUERA', '2017-10-05 00:00:00', 's15-031', 4, 4, 3, 6),
(438, 'OP142', 'ANULACION DE TARJETA', '2017-10-05 00:00:00', 'S14-138', 7, 3, 3, 6),
(439, 'OP143', 'COMISIONES POR USO DE CANALES ELECTRONICOS', '2017-10-05 00:00:00', 'S14-138', 7, 3, 3, 6),
(440, 'OP144', 'ORDENES DE PAGOS EXTERNOS', '2017-10-05 00:00:00', 'XXX-XXX', 4, 8, 3, 6),
(441, 'OP145', 'ENTREGA DE TARJETAS DE PROVEEDOR A ALMACEN', '2017-10-05 00:00:00', 'S14-138', 1, 3, 3, 6),
(442, 'OP146', 'ANULACION DE TARJETA EN AGENCIA', '2017-10-05 00:00:00', 'S14-138', 1, 3, 3, 6),
(443, 'OP147', 'ANULACION DE TARJETA EN ALMACEN', '2017-10-05 00:00:00', 'S14-138', 1, 3, 3, 6),
(444, 'OP148', 'COMPENSACION BANCARIA CARGO', '2017-10-05 00:00:00', 'CC16-035', 7, 3, 3, 6),
(445, 'OP149', 'COMPENSACION BANCARIA ABONO', '2017-10-05 00:00:00', 'CC16-035', 7, 3, 3, 6),
(446, 'OP150', 'COMPENSACION BANCARIA', '2017-10-05 00:00:00', 'CC16-035', 7, 3, 3, 6),
(447, 'OP151', 'CANCELACION CTA (CASTIGO CAP', '2017-10-05 00:00:00', 'S17-033', 1, 2, 3, 6),
(448, 'OP152', 'REGULARIZACION DE CUENTA', '2017-10-05 00:00:00', 'S17-033', 1, 2, 3, 6),
(449, 'OP153', 'OPERACIONES INTERBANCARIAS - CARGO', '2017-10-05 00:00:00', 'RSIS-65', 14, 3, 3, 6),
(450, 'OP154', 'COMISION POR OPERACIONES INTERBANCARIAS - CARGO', '2017-10-05 00:00:00', 'RSIS-65', 14, 3, 3, 6),
(451, 'OP155', 'ANULACIÓN DE TRANSFERENCIA INTERBANCARIA', '2017-10-05 00:00:00', 'RSIS-65', 14, 3, 3, 6),
(452, 'OP156', 'OPERACIONES INTERBANCARIAS - EFECTIVO', '2017-10-05 00:00:00', 'XXX-XXX', 4, 4, 3, 6),
(453, 'OPLC3', 'DEPOSITO SALIDA LIQUIDACION', '2017-10-05 00:00:00', 'XXX-XXX', 4, 4, 3, 6),
(454, 'PR001', 'CARGOS AL CORTE', '2017-10-05 00:00:00', 'XXX-XXX', 4, 4, 3, 6),
(455, 'PR002', 'COMISION CARTA FIANZA', '2017-10-05 00:00:00', 'XXX-XXX', 4, 4, 3, 6),
(456, 'PR003', 'COMISIONES Y GASTOS - CUOTAS', '2017-10-05 00:00:00', 'XXX-XXX', 4, 4, 3, 6),
(457, 'PR004', 'COMISION DIAS ATRASO', '2017-10-05 00:00:00', 'XXX-XXX', 4, 4, 3, 6),
(458, 'PR005', 'CONSTITUCION DE PAGARE', '2017-10-05 00:00:00', 'XXX-XXX', 4, 4, 3, 6),
(459, 'PR006', 'LIBERACIÓN DE PAGARÉ', '2017-10-05 00:00:00', 'XXX-XXX', 4, 4, 3, 6),
(460, 'PR007', 'LINEA DE CREDITO ASIGNADA', '2017-10-05 00:00:00', 'XXX-XXX', 4, 4, 3, 6),
(461, 'PR008', 'CASTIGOS - RCD', '2017-10-05 00:00:00', 'XXX-XXX', 4, 4, 3, 6),
(462, 'PR009', 'CREDITO CARTA FIANZA', '2017-10-05 00:00:00', 'XXX-XXX', 4, 4, 3, 6),
(463, 'PR010', 'ANULACIÓN DE CRÉDITOS', '2017-10-05 00:00:00', 'XXX-XXX', 4, 4, 3, 6),
(464, 'PR011', 'EMISION CARTA FIANZA', '2017-10-05 00:00:00', 'XXX-XXX', 4, 4, 3, 6),
(465, 'PR012', 'CANCELACION CARTA FIANZA', '2017-10-05 00:00:00', 'XXX-XXX', 4, 4, 3, 6),
(466, 'PR013', 'EJECUCION CARTA FIANZA', '2017-10-05 00:00:00', 'XXX-XXX', 4, 4, 3, 6),
(467, 'PR014', 'BONO BUEN PAGADOR', '2017-10-05 00:00:00', 'XXX-XXX', 4, 4, 3, 6),
(468, 'PR020', 'REPROGRAMACION ANTIGUA CONDICION', '2017-10-05 00:00:00', 'XXX-XXX', 4, 4, 3, 6),
(469, 'PR021', 'REPROGRAMACION NUEVA CONDICION', '2017-10-05 00:00:00', 'XXX-XXX', 4, 4, 3, 6),
(470, 'PR031', 'ENVIO A COBRO JUDICIAL', '2017-10-05 00:00:00', 'XXX-XXX', 4, 4, 3, 6),
(471, 'PR034', 'LIBERACION DE GARANTIAS', '2017-10-05 00:00:00', 'XXX-XXX', 4, 4, 3, 6),
(472, 'PR035', 'NOTA DE CARGO CRED', '2017-10-05 00:00:00', 'XXX-XXX', 4, 4, 3, 6),
(473, 'PR036', 'NOTA DE ABONO CRED', '2017-10-05 00:00:00', 'XXX-XXX', 4, 4, 3, 6),
(474, 'PR038', 'POSPOSICION DE CUOTA', '2017-10-05 00:00:00', 'XXX-XXX', 4, 4, 3, 6),
(475, 'PR039', 'REFI.CTA.29', '2017-10-05 00:00:00', 'XXX-XXX', 4, 4, 3, 6),
(476, 'PR040', 'REFINANCIACION ANTIGUA CONDICION', '2017-10-05 00:00:00', 'XXX-XXX', 4, 4, 3, 6),
(477, 'PR041', 'PROVISION DE GARANTIAS', '2017-10-05 00:00:00', 'XXX-XXX', 4, 4, 3, 6),
(478, 'PR042', 'REFINANCIACION NUEVA CONDICION', '2017-10-05 00:00:00', 'XXX-XXX', 4, 4, 3, 6),
(479, 'PR043', 'DESASIGNACION DE PROVISION DE GARANTIAS', '2017-10-05 00:00:00', 'XXX-XXX', 4, 4, 3, 6),
(480, 'PR044', 'REV.CLASIFICACION CARTERA', '2017-10-05 00:00:00', 'XXX-XXX', 4, 4, 3, 6),
(481, 'PR045', 'REGRESO DE COBRO JUDICIAL', '2017-10-05 00:00:00', 'XXX-XXX', 4, 4, 3, 6),
(482, 'PR046', 'REV.CLASIFICACION CARTERA (DISMINUCIÓN', '2017-10-05 00:00:00', 'XXX-XXX', 4, 4, 3, 6),
(483, 'PR048', 'CLASIFICACION CARTERA', '2017-10-05 00:00:00', 'XXX-XXX', 4, 4, 3, 6),
(484, 'PR049', 'INTERESES DIARIOS', '2017-10-05 00:00:00', 'XXX-XXX', 4, 4, 3, 6),
(485, 'PR050', 'CLASIFICACION CARTERA (DISMINUCIÓN', '2017-10-05 00:00:00', 'XXX-XXX', 4, 4, 3, 6),
(486, 'PR051', 'PROVISIONES PRESTAMOS', '2017-10-05 00:00:00', 'XXX-XXX', 4, 4, 3, 6),
(487, 'PR052', 'PROVISION PAGARE', '2017-10-05 00:00:00', 'XXX-XXX', 4, 4, 3, 6),
(488, 'PR053', 'EXTORNO PAGARE', '2017-10-05 00:00:00', 'XXX-XXX', 4, 4, 3, 6),
(489, 'PR054', 'MIGRACION ( POR REVISAR )', '2017-10-05 00:00:00', 'XXX-XXX', 4, 4, 3, 6),
(490, 'PR055', 'MIGRACION ( POR REVISAR )', '2017-10-05 00:00:00', 'XXX-XXX', 4, 4, 3, 6),
(491, 'PR056', 'PROVISIONES CREDITOS (AUMENTO', '2017-10-05 00:00:00', 'XXX-XXX', 4, 4, 3, 6),
(492, 'PR057', 'PROVISIONES CREDITOS (DISMINUCIÓN', '2017-10-05 00:00:00', 'XXX-XXX', 4, 4, 3, 6),
(493, 'PR058', 'CASTIGO CAPITAL', '2017-10-05 00:00:00', 'XXX-XXX', 4, 4, 3, 6),
(494, 'PR059', 'CASTIGO CUENTAS ORDEN', '2017-10-05 00:00:00', 'XXX-XXX', 4, 4, 3, 6),
(495, 'PR060', 'INT.COMPENS.DEVENGADOS.CRED.(VIGENTES', '2017-10-05 00:00:00', 'XXX-XXX', 4, 4, 3, 6),
(496, 'PR062', 'REV.INT.COMPENS.DEVENGADOS.CRED.(VIGENTES', '2017-10-05 00:00:00', 'XXX-XXX', 4, 4, 3, 6),
(497, 'PR064', 'REVERSION DE CASTIGO (REFINANCIACION', '2017-10-05 00:00:00', 'XXX-XXX', 4, 4, 3, 6),
(498, 'PR065', 'Requerimiento Pago Terceros', '2017-10-05 00:00:00', 'XXX-XXX', 4, 4, 3, 6),
(499, 'PR066', 'Pago Terceros', '2017-10-05 00:00:00', 'XXX-XXX', 4, 4, 3, 6),
(500, 'PR067', 'CASTIGO (EXTORNO INTERES SUSPENSO', '2017-10-05 00:00:00', 'XXX-XXX', 4, 4, 3, 6),
(501, 'PR068', 'AJUSTE CAPITAL CREDITO CONDONADOS', '2017-10-05 00:00:00', 'XXX-XXX', 4, 4, 3, 6),
(502, 'PR069', 'EMISION CARTA FIANZA (COMISION', '2017-10-05 00:00:00', 'XXX-XXX', 4, 4, 3, 6),
(503, 'PR070', 'INT.COMPENS.DEVENGADOS.CRED.(NO VIGENTES', '2017-10-05 00:00:00', 'XXX-XXX', 4, 4, 3, 6),
(504, 'PR071', 'REV.INT.COMPENS.DEVENGADOS.CRED.(NO VIGENTES', '2017-10-05 00:00:00', 'XXX-XXX', 4, 4, 3, 6),
(505, 'PR072', 'RECLASIFICACION TIPO SBS (ANTES', '2017-10-05 00:00:00', 'XXX-XXX', 4, 4, 3, 6),
(506, 'PR073', 'RECLASIFICACION TIPO SBS (DESPUES', '2017-10-05 00:00:00', 'XXX-XXX', 4, 4, 3, 6),
(507, 'PR074', 'DEPOSITO EN GARANTIA', '2017-10-05 00:00:00', 'XXX-XXX', 4, 4, 3, 6),
(508, 'PR075', 'DEPOSITO EN GARANTIA CUENTAS ORDEN', '2017-10-05 00:00:00', 'XXX-XXX', 4, 4, 3, 6),
(509, 'PR076', 'REVERSION DEPOSITO EN GARANTIA', '2017-10-05 00:00:00', 'XXX-XXX', 4, 4, 3, 6),
(510, 'PR077', 'REVERSION DEPOSITO EN GARANTIA CUENTAS ORDEN', '2017-10-05 00:00:00', 'XXX-XXX', 4, 4, 3, 6),
(511, 'RE001', 'EMISION DE GIROS', '2017-10-05 00:00:00', 'XXX-XXX', 4, 4, 3, 6),
(512, 'RE002', 'PAGO DE GIROS', '2017-10-05 00:00:00', 'XXX-XXX', 4, 4, 3, 6);

-- --------------------------------------------------------

--
-- Estructura de tabla para la tabla `modulo`
--

CREATE TABLE `modulo` (
  `idModulo` int(11) NOT NULL,
  `prefijoModulo` varchar(45) DEFAULT NULL,
  `correlativoModulo` int(11) NOT NULL,
  `descripcionModulo` varchar(500) NOT NULL,
  `fechaRegistro` datetime NOT NULL,
  `estadoRegistro` varchar(1) NOT NULL
) ENGINE=InnoDB DEFAULT CHARSET=utf8;

--
-- Volcado de datos para la tabla `modulo`
--

INSERT INTO `modulo` (`idModulo`, `prefijoModulo`, `correlativoModulo`, `descripcionModulo`, `fechaRegistro`, `estadoRegistro`) VALUES
(1, 'OP', 1, 'Operaciones', '2017-10-03 00:00:00', 'S'),
(2, 'CP', 1, 'Cuentas Pasivas', '2017-10-03 00:00:00', 'S'),
(3, 'CG', 1, 'Contabilidad', '2017-10-03 00:00:00', 'S'),
(4, 'CJ', 1, 'Caja chica', '2017-10-03 00:00:00', 'S'),
(5, 'AC', 1, 'Atencion al cliente', '2017-10-03 00:00:00', 'S'),
(6, '', 232, 'Ninguno', '2017-10-05 00:00:00', 'S');

-- --------------------------------------------------------

--
-- Estructura de tabla para la tabla `persona`
--

CREATE TABLE `persona` (
  `idpersona` int(11) NOT NULL,
  `nombrePersona` varchar(500) DEFAULT NULL,
  `idCargo` int(11) NOT NULL
) ENGINE=InnoDB DEFAULT CHARSET=utf8;

--
-- Volcado de datos para la tabla `persona`
--

INSERT INTO `persona` (`idpersona`, `nombrePersona`, `idCargo`) VALUES
(1, 'Alejandro Cesar Nuñez Yupanqui', 2),
(2, 'Erick Miguel Salazar Narro', 1),
(3, 'Jesus Flores Ballena', 4),
(4, 'Otros', 6),
(5, 'Alan Gabriel Garcia Taboada', 2),
(6, 'Jenifer Hernandez', 2),
(7, 'Gilberto Meza Hoces', 2),
(8, 'Sergio Tacanga Lauro', 4),
(9, 'David Llanos', 1),
(10, 'Romel Sanchez', 7),
(11, 'Diego Lazo Mejia', 2),
(12, 'Henry Catañeda', 8),
(13, 'Josue Chilon', 9),
(14, 'Kenyi De La Cruz Puquio', 2);

-- --------------------------------------------------------

--
-- Estructura de tabla para la tabla `tipocodigo`
--

CREATE TABLE `tipocodigo` (
  `idTipoCodigo` int(11) NOT NULL,
  `descripcionTipo` varchar(200) NOT NULL,
  `estadoRegistro` varchar(1) DEFAULT NULL,
  `longitudCodigo` int(11) NOT NULL
) ENGINE=InnoDB DEFAULT CHARSET=utf8;

--
-- Volcado de datos para la tabla `tipocodigo`
--

INSERT INTO `tipocodigo` (`idTipoCodigo`, `descripcionTipo`, `estadoRegistro`, `longitudCodigo`) VALUES
(1, 'Error', 'S', 8),
(2, 'Reporte', 'S', 8),
(3, 'Conceptos de Operación', 'S', 5),
(4, 'Mensajes de Validación', 'S', 7),
(5, 'Configuración Mail', 'S', 8);

-- --------------------------------------------------------

--
-- Estructura de tabla para la tabla `usuario`
--

CREATE TABLE `usuario` (
  `idUsuario` int(11) NOT NULL,
  `userName` varchar(45) DEFAULT NULL,
  `password` varchar(200) DEFAULT NULL,
  `estadoRegistro` varchar(1) DEFAULT NULL
) ENGINE=InnoDB DEFAULT CHARSET=utf8;

--
-- Volcado de datos para la tabla `usuario`
--

INSERT INTO `usuario` (`idUsuario`, `userName`, `password`, `estadoRegistro`) VALUES
(1, 'acnunez', '$2y$12$Vm1GdGIzTmZjRzl5WDIxa.1bYdtxnsWykgRdraivkjo9G/lN2klhe', 'S'),
(2, 'kdelacruz', '$2y$12$Vm1GdGIzTmZjRzl5WDIxa.HmMIPaibhM6ZZZZfpshkrq8qdg5jRm2', 'S');

--
-- Índices para tablas volcadas
--

--
-- Indices de la tabla `cargo`
--
ALTER TABLE `cargo`
  ADD PRIMARY KEY (`idCargo`);

--
-- Indices de la tabla `catalogo_codigo`
--
ALTER TABLE `catalogo_codigo`
  ADD PRIMARY KEY (`idCodigo`),
  ADD KEY `fk_catalogo_codigo_persona1_idx` (`idLiderTecnico`),
  ADD KEY `fk_catalogo_codigo_persona2_idx` (`idLiderFuncional`),
  ADD KEY `fk_catalogo_codigo_tipoCodigo1_idx` (`idTipoCodigo`),
  ADD KEY `fk_catalogo_codigo_modulo1_idx` (`idModulo`);

--
-- Indices de la tabla `modulo`
--
ALTER TABLE `modulo`
  ADD PRIMARY KEY (`idModulo`);

--
-- Indices de la tabla `persona`
--
ALTER TABLE `persona`
  ADD PRIMARY KEY (`idpersona`),
  ADD KEY `fk_persona_cargo_idx` (`idCargo`);

--
-- Indices de la tabla `tipocodigo`
--
ALTER TABLE `tipocodigo`
  ADD PRIMARY KEY (`idTipoCodigo`);

--
-- Indices de la tabla `usuario`
--
ALTER TABLE `usuario`
  ADD PRIMARY KEY (`idUsuario`);

--
-- AUTO_INCREMENT de las tablas volcadas
--

--
-- AUTO_INCREMENT de la tabla `cargo`
--
ALTER TABLE `cargo`
  MODIFY `idCargo` int(11) NOT NULL AUTO_INCREMENT, AUTO_INCREMENT=10;
--
-- AUTO_INCREMENT de la tabla `catalogo_codigo`
--
ALTER TABLE `catalogo_codigo`
  MODIFY `idCodigo` int(11) NOT NULL AUTO_INCREMENT, AUTO_INCREMENT=513;
--
-- AUTO_INCREMENT de la tabla `modulo`
--
ALTER TABLE `modulo`
  MODIFY `idModulo` int(11) NOT NULL AUTO_INCREMENT, AUTO_INCREMENT=7;
--
-- AUTO_INCREMENT de la tabla `persona`
--
ALTER TABLE `persona`
  MODIFY `idpersona` int(11) NOT NULL AUTO_INCREMENT, AUTO_INCREMENT=15;
--
-- AUTO_INCREMENT de la tabla `tipocodigo`
--
ALTER TABLE `tipocodigo`
  MODIFY `idTipoCodigo` int(11) NOT NULL AUTO_INCREMENT, AUTO_INCREMENT=6;
--
-- AUTO_INCREMENT de la tabla `usuario`
--
ALTER TABLE `usuario`
  MODIFY `idUsuario` int(11) NOT NULL AUTO_INCREMENT, AUTO_INCREMENT=3;
--
-- Restricciones para tablas volcadas
--

--
-- Filtros para la tabla `catalogo_codigo`
--
ALTER TABLE `catalogo_codigo`
  ADD CONSTRAINT `fk_catalogo_codigo_modulo1` FOREIGN KEY (`idModulo`) REFERENCES `modulo` (`idModulo`) ON DELETE NO ACTION ON UPDATE NO ACTION,
  ADD CONSTRAINT `fk_catalogo_codigo_persona1` FOREIGN KEY (`idLiderTecnico`) REFERENCES `persona` (`idpersona`) ON DELETE NO ACTION ON UPDATE NO ACTION,
  ADD CONSTRAINT `fk_catalogo_codigo_persona2` FOREIGN KEY (`idLiderFuncional`) REFERENCES `persona` (`idpersona`) ON DELETE NO ACTION ON UPDATE NO ACTION,
  ADD CONSTRAINT `fk_catalogo_codigo_tipoCodigo1` FOREIGN KEY (`idTipoCodigo`) REFERENCES `tipocodigo` (`idTipoCodigo`) ON DELETE NO ACTION ON UPDATE NO ACTION;

--
-- Filtros para la tabla `persona`
--
ALTER TABLE `persona`
  ADD CONSTRAINT `fk_persona_cargo` FOREIGN KEY (`idCargo`) REFERENCES `cargo` (`idCargo`) ON DELETE NO ACTION ON UPDATE NO ACTION;

/*!40101 SET CHARACTER_SET_CLIENT=@OLD_CHARACTER_SET_CLIENT */;
/*!40101 SET CHARACTER_SET_RESULTS=@OLD_CHARACTER_SET_RESULTS */;
/*!40101 SET COLLATION_CONNECTION=@OLD_COLLATION_CONNECTION */;
